Image;Temps (s);Texte
0.jpg;4.89;WAL*MART ALWAYS LOW PRICES. Almoys SUPERCENTER OPEN 24 HOURS MANAGER : TBA ( 515 ) 986 - 1783 ST# 5748 OP# 00000158 TE# 14 TR# 03178 BANANAS 000000004011KF 0.41 lb - 1 lb /0.49 0.20 N FRAP 001200010451 F 5.48 N DISCOUNT GIVEN 0.57 SUBTOTAL 5.11 TOTAL 5.11 CASH TEND 11.00 CHANGE DUE 5.89 # ITEMS SOLD 2 TC# 5679 8348 6485 7828 2003 THANK YOU FOR SHOPPING WITH US NATHANIEL BUSH Your Back Shop to at School Walmart & Get 08/20/10 13:12:01 List for Less. 
1.jpg;8.48;TRADER JOE'S 2001 Greenville Ave Dallas TX 75206 Store #403 - (469) 334-0614 OPEN 8:00AM TO 9:00PM DAILY R-CARROTS SHREDDED 10 OZ 1.29 R-CUCUMBERS PERSIAN 1 LB 1.99 TOMATOES CRUSHED NO SALT 1.59 TOMATOES WHOLE NO SALT W/BASIL 1.59 ORGANIC OLD FASHIONED OATMEAL 2.69 MINI-PEARL TOMATOES.. LITE T 2.49 3.99 PKG SHREDDED MOZZARELLA BROWN. 3.79 EGGS 1 DOZ ORGANIC 0.89 BEANS GARBANZO 2.99 SPROUTED CA STYLE 3.99 A-AVOCADOS HASS BAG 4CT A-APPLE BAG JAZZ 2 LB 2.99 A-PEPPER BELL EACH XL RED 0.99 GROCERY NON TAXABLE 0.98 2 @ 0.49 0.87 BANANAS ORGANIC 3EA @ 0.29/EA BUTTER 2.49 CREAMY SALTED PEANUT 1.69 WHL WHT PITA BREAD 1.38 GROCERY NON TAXABLE 2 @ 0.69 $38.68 SUBTOTAL $38.68 TOTAL $40.00 CASH $1.32 CHANGE Higgins, Ryan ITEMS 22 12:34PM 0403 04 1346 4683 06-28-2014 THANK YOU FOR SHOPPING AT TRADER JOE'S www.traderjoes.com 
10.jpg;11.99;SPAR @ Tel : 036-4481240 email : bergsparttelkomsa.net VAT No : 4450102696 NLA REG NO: KZN 032577 R LAZENBY WORCESTER SAUCE 125ML 17.99 A MILKY BAR CHOC 80GR 16.99 A SMOKED VIENNAS 500GR 33.99 A PEALED PEACHES 400G 82.99 A MEDITERRANEAN MIX 1KG 44.99 * SPAR COOKING OIL 375ML 14.99 * F/L ENGLISH CUCUMB 1'S 12.99 * NESTLE AERO 85GR 20.99 A CADBURY DAIRY MI 80GR 16.99 A GRAPES MIXED TUB TUB 24.99 * TASTIC RICE 500GR 11.99 * BLACK CAT SMOOTH 270GR 27.99 A CARRIER BAG 24L 1'S 0.75 A BANANAS LOOSE 17KG 0.596kg @ 15.99 R /kg 9.53 * TOTAL FOR 14 ITEMS 338.16 TENDERED Nedbank 338.16 TAX INVOICE VAT rate excl. TAX incl. 0.00% 119.48 0.00 119.48 * 15.00% 190.16 28.52 218.68 A SLIP / TILL / CASHIER / DATE / TIME 3780 005 101 23.02.21 16:17 CASHIER NAME: SWAZI Please Retain Slip Thank You For Shopping With Us! :) Follow us on Facebook: Spar Bergville 
11.jpg;7.36;WHOLE FOODS .  - SHARON RD. PL TORTILLAS 6.99 B CAGE FREE ALL WHIT 3.69 B BLACK BEANS 1.29 B Frozen Mangoes 160 2.99 B Whole Strawberries 2.99 B OG LF COTTAGE CHEE 3.49 B MAHI MAHI FILLETS 8.99 B *VC $2 off (1) WC Fill 2.00- * California Harvest 2.69 B 1.08 lb @ 1.99 /Ib TARE a .01 *WT PLUMS BLACK CV 2.15 B ITEM a 4040 NHP OLICED OVEN RO 3.99 B NHP SLICED HICKORY 3.99 B 1.64 lb @ 1.99 /Ib TARE = 01 WT GALA APPLES OG 3.26 B ITEM i 94135 **** TAX 93 BAL 45.44 
12.jpg;7.4;WAL*MART Save money. Live better. WE SELL FOR LESS ALWAYS MANAGER DAPHNE SESSION ( 636 ) 536 - 4601 CHESTERFIELD,MO 63005 ST# 2600 OP# 00001855 TE# 17 TR# 03359 SW FIGURES 065356920144 6.63 X TOOTHBRUSH 003500055500 0.96 X SUBTOTAL 7.59 WOMEN SLIPPE 009725614790 9.86 X SUBTOTAL 17.45 TAX 1 3.100- % 0.54 TAX 3 4.350 % 0.76 TOTAL 18.75 MCARD TEND 18.75 ACCOUNT #3546 APPROVAL #007190 TRANS ID - VALIDATION - PAYMENT SERVICE - A CHANGE DUE 0.00 # ITEMS SOLD 3 TC# 9489 7094 6487 3073 3651 Wal-Mart exclusive Eagles CD available October 30th! 10/20/07 13:48:43 ***CUSTOMER COPY*** 
13.jpg;8.25;LD H: LISWOYBKCW Walmart t* Save money. Live better. ( 843 ) 292 - 0362 MANAGER MECHAEL EIGHARD 2014 S IRBY ST FLORENCE SC 29505 S1# 02703 OP# 009049 TEW 49 IR# 0/142 GIFT CARD 087458604383 50.00 0 SUBTOTAL 50.00 TOTAL 50.00 CASH ND 60.00 CHANCE DUE 10.00 SHOP.CARD ACTIVATION 50.00 ACCOUNT 613968546249/292 APPR CODE - 792986 REF 10083742 Beg Bal Tran Aml End Bal 0.00 50.00 50.00 08/11/17 19:19:31 ICH 9/36 5895 9237 2333 1932 Low Prices You Can Trust. Every Day. 08/11/17 191 22:40 Store receipts or your mone. Walmart P ay. 
14.jpg;10.11;See back of receipt for your chance to win $1000 ID #: 7LORX4K8PJX Walmart Save money. Live better. ( 937 ) 644 - 2800 MANAGER CHRISTOPHER WOOD 555 COLEMANS CROSSING BLVII MARYSVILLE OH TE# 43040 10 TR# 08890 ST# 01595 OP# 007573 3.88 X EQUATE LINER 068113186503 F 7.48 N VFUS ENG POM 005100024543 5.97 X DAWN ORIG 003700011045 1.12 X 50YD PKGTAPE 007535307841 1.12 X 50YD PKGTAPE 007535307841 5.78 X LINT ROLLER2 005114123488 25.35 SUBTOTAL TAX 1 7.000 % 1.25 TOTAL 26.60 DEBIT TEND 26.60 CHANGE DUE 0.00 EFT DEBIT PAY FROM PRIMARY 26.60 TOTAL PURCHASE **** **** **** 8371 S ACCOUNT # REF # 712400283994 ID. 0069 APPR CODE 868483 NETWORK TERMINAL # SC010087 ure 05/04/17 19:54:16 10 # ITEMS SOLD 6 TC# 7535 0523 2384 1061 368 05/04/17 19:54:18 Store receipts on your phone. Walmart P ay. 
15.jpg;9.75;See to back of receipt for your chance win $1000 ID #: 7JYY2JWOK3Y Walmart Save money. Live better. ( 714 ) 799 - 0020 MANAGER YVONNE THOMAS 13331 BEACH BLVD WESTMINSTER CA 92683 TR# 01526 ST# 02495 OP# 006969 TE# 79 12.58 N DIABETES 068113131172H 12.58 SUBTOTAL TOTAL 12.68 VISA TEND 12.68 Visa Credit **** **** **** 3670 I1 AHI APPROVAL # 222235 REF. # 620500604401 TRANS ID - 586205139884060 VALIDATION - 76LK PAYMENT SERVICE - E - a AID A0000000031010 TC 9E0FAC9A809E6D92 TERMINAL # 281767447 *NO SIGNATURE REQUIRED 07/22/16 20:53:11 CHANGE DUE 0.00 # ITEMS SOLD 1 TC# 7503 0129 1089 7649 4115 Low Prices You Can Trust. Every Day, 07/22/16 20:53:11 ***CUSTOMER COPY*** Savings Catcher! Scan with Walmart app 
16.jpg;10.41;See back of receipt for your chance to win $1000 ID #: 7L2T9WJM25F Walmart Save money. Live better. ( 701 ) 223 - 3066 MANAGER TIM MORRIS 2717 ROCK ISLAND PL BISMARCK ND 58504 ST# 01534 OP# 009048 TE# 48 TR# 04455 6 WING PLATE 020108870398 3.98 P ASST 27 063099656595 4.88 X CUTIE CAR 063099656644 12.88 X SUBTOTAL 21.74 TAX 1 6.500 % 1.15 TAX 4 7.500 % 0.30 TOTAL 23.19 DEBIT TEND 23.19 CHANGE DUE 0.00 EFT DEBIT PAY FROM PRIMARY 23.19 TOTAL PURCHASE US DEBIT **** **** **** 2696 I 0 REF # 731700494718 NETWORK ID. 0081 APPR CODE 936886 US DEBIT AID A0000000980840 TC 58B77239DA5B3B44 *NO SIGNATURE REQUIRED TERMINAL # SC011090 11/13/17 12:34:04 # ITEMS SOLD 3 TC# 2188 7274 6444 1567 3762 Low Prices You Can Trust. Every Day. 11/13/17 12:34:11 Store receipts on your phone. Walmart P ay. 
17.jpg;19.37;See back of receipt for your chance to win $1000 ID #: 7KZGF1SL2FF Walmart Save money. Live better. ( 970 ) 259 - 8755 MANAGER MIKE NEIDLINGER 1155 S CAMINO DEL RIO DURANGO CO 81303 ST# 02270 OP# 000144 TE# 02 TR# 03080 BANANAS 000000004011KI 1.75 lb @ 1 lb /0.54 0.95 R BEVERAGE 003120002133 F 2.00 R OS CRAN POM 003120027015 2.00 R STRWBRY CC 076471782200 E 0.96 Y CAMPARI TOM 073447501213 I 2.98 R KFT SINGLES 002100061526 F 3.78 Y 44500982114 004450098211 F 3.98 Y HARD SALAMI 020533960343 F 3.43 Y AVOCADO 000000004046KI 4 AT 1 FOR 0.44 1.76 PILLS WHITE 068113113619 F 1.00 F SH NYLON COL 007417024836 2.97 X HAND CLEANER 004125100005 1.67 X INJECTR CLNR 004980710003 8.87 X SUBTOTAL 36.35 TAX 7.900 % 1.07 TAX 5.000 % 1.14 TAX 2.900 % I 0.12 TOTAL 38.68 CASH TEND 40.68 CHANGE DUE 2.00 # ITEMS SOLD 16 TC# 3041 7466 0669 7952 272 01/15/17 14:26:03 - 
18.jpg;14.66;Give Thank us feedback @ yout ID #:70D137157NXS biarysy.walmart.com Walmart ** 863-318-0752 7450 CYPRESS Mgr:MARK ST# 03347 WINTER HAVEN GARDENS FL 33884 BLVD GV WATER OPH 009036 TEH 36 TR# GV WATER 007874235191 F 05386 GREAT VALUE 007874235191 F 0.98 0.98 N N GREAT VALUE 007874206203 F 2.84 N GAIN LFE 007874206203 F 2.84 N GAIN 003700077007 6.97 X GV VEG OIL 003700076954 4.94 X SNICKER FS 007874221000 F 7.82 N GDBR FS 6PK 004000050533 F 3.78 X MIXED CHOC 003400029305 F 4.76 X CHERRIES 004000047587 F 13.24 X GAIN 004326880002 F 1.78 X HY RSTLEG 003700082365 1.97 X BATTERIES PM 035497333521H 9.97 N GV 20Z MINI 001280051783 10.97 X CRNBRY 007874219999 2.97 X SPREADS SAUCE 003120001605 F 1.58 0 EGGS 6CT 002740026499 F 3.46 0 007874212709 F 0.90 0 SUBTOTAL 82.75 TAX 1 7.000 % 3.60 TOTAL 86.35 I pleper DEBIT TEND 86.35 CHANGE DUE 0.00 EFT DEBIT PAY FROM PRIMARY 86.35 TOTAL PURCHASE FIFTHTHIRD DEBIT x* XXX* ***X 9832 I 0 REF # 130400725877 NETWORK ID. 0076 APPR CODE 001740 US Debit AID A0000000042203 AAC A8FABF3DOFD07485 TERMINAL # SC011151 10/31/21 10:08:22 # ITEMS SOLD 18 TC# 7563 1623 3938 0953 7373 Low Prices You Can Trust. Every Day. 10/31/21 10:08:26 
19.jpg;10.9;Give us feedback @ survey. Thank you! ID #:70DRJJ99F3X walmart.com Walmart 863-676-9425 Mor:EURIEL 2000 STATE ROAD 60 E LAKE WALES FL 33898 ST# 00859 OP# 009026 TE# 26 TR# 02422 GRILL COVER 471288396027 14.97 X FIBER CHOICE 036926600094 12.94 N CELERY HEART 003338365301 F 2.48 N RED GRAPE 000000004023KF 2.51 lb @ 11b /1.44 3.61 N SUBTOTAL 34.00 TAX 1 T.000 % 1.05 TOTAL 35.05 SHOPPING CARD TEND 35.05 CHANGE DUE 0.00 SHOP.CARD REDEMPTION 35.05 ACCOUNT *** a ****** - *0246 Beg Bal Tran Amt End Bal 157.29 35.05 122.24 # ITEMS SOLD 4 TC# 6949 6652 6669 8007 1705 Low Prices You Can Trust. Every Day. 10/16/21 11:22:45 
2.jpg;12.47;Give us feedback @ survey.walmart.com Thank you! ID #:7PB65JWCFZ2 Walmart* 949-498-6669 Mgr:MICHAEL 951 AVENIDA PICO SAN CLEMENTE CA 92673 ST# 02527 OP# 009045 TE# 45 TR# 06193 GV OATMEAL 007874243408 F 1.76 0 OT 200Z TUM 081236803115 6.74 X M ATHLETICS 019104567781 24.97 X DEXAS 15X20 008429710921 12.97 X SUBTOTAL 46.44 TAX 1 7.750 % 3.46 TOTAL 49.90 DEBIT TEND 49.90 CHANGE DUE 0.00 EFT DEBIT PAY FROM PRIMARY 49.90 TOTAL PURCHASE US DEBIT **** **** **** 9689 I 0 REF # 029200639128 NETWORK ID. 0056 APPR CODE 461500 US DEBIT AID A0000000980840 AAC 7756F4EB82B54EED TERMINAL # SC011004 10/18/20 11:30:42 # ITEMS SOLD 4 TC# 2400 4776 4305 8847 1471 W+ T Introducing Walmart+ Join loday at walmarL.com/plus Low Prices You Can Trust. Every Day. 10/18/20 11:30:46 
3.jpg;20.28;See back of to win $1000 receipt for your chance ID #:7N5N1VIXCQDQ Walmart 317-851-1102 MyrJAMIE BROOKSHIRE 882 S. STATE ROAD 135 ST# 05483 OP# GREENWOOD 001436 IN TE# 46143 09 TR# 06976 TATER TOTS 001312000026 2.96 0 HARD/PROV/DC SNACK 007874219410 2.68 0 HRI CL BARS 002190848816 4.98 T HRI CL CHS CHS 003120506000 5.88 003120506000 6.88 0 I HRI ** VOIDED ENTRY ** HRI CL CHS 003120506000 5.88-0 12 U SG 003120535000 E 5.88 D HRI CL PEP 003120507000 F 5.88 0 EARBUDS SC BCN CHDDR 068113100946 4.88 X ABF THINBRST 007874202906 6.98 0 022461710972 9.72 0 HARD/PROV/DC 007874219410 : DV RSE OIL M 001111101220 2.68 6.94 X APPLE 3 BAG 084747300184 F 6.47 N STOK LT SWT 004127102774 F 4.42 T PEANUT BUTTR 005150026499 F 6.44 0 AVO VERDE 061611206143 F 2.98 ROLLS 007874219415 F 1.28 & BTS DRY BLON 501072462746 6.58 GALE 000000000003K 32.00 X TR HS FRM 4 002240062190 2.74 X BAGELS 001376402801 F 4.56 GV SLIDERS 007874201525 2.98 % ACCESSORY 007515161216 0.97 X CHEEZE IT 002410053523 F 4.00 0 WAS 4.54 YOU SAVED 0.54 RITZ 004400088210 F 2.78 N RUFFLES 002840020942 F 2.50 GV HNY GRMS 007874207263 F 1.28 N SUBTOTAL 139.44 TAX 1 7.000 % 4.58 TOTAL 144.02 CASH TEND 150.02 CHANGE DUE 6.00 # ITEMS SOLD 26 TC# 0783 5080 4072 3416 2495 5 04/27/19 12:69:46 Scan with Walmart OPP to save receipts 
4.jpg;17.54;Walmart* Save money. Live better. ( 712 ) 366 = 3326 MANAGER DONALD MONEYMAKER 3201 MANAWA CENTRE DR COUNCIL BLUFFS IA 51501 ST# 01965 OP# 002031 TE# 20 TR# 05145 SW HRO FGHTR 063050940732 6.94 T SUBTOTAL 6.94 TAX 1 7.000 % 0.49 TOTAL 7.43 DEBIT TEND 7.43 CHANGE DUE 0.00 EFT DEBIT PAY FROM PRIMARY 7.43 TOTAL PURCHASE ACCOUNT # **** **** **** S REF # 534200381755 NETWORK ID. 0056 APPR CODE 087193 TERMINAL # MX995026 12/08/15 12:39:24 # ITEMS SOLD 1 TC# 3261 4114 0323 3051 6498 NEW STORE HOURS Open 6am to midnight 7 days a week. 12/08/15 12:39:26 Savings Catcher! Scan with Walmart app 
5.jpg;19.52;WHOLE FOODS MARKET Sunnyvale SVL 408-419-1290 150 E Mc Kinley Ave Sunnyvale, CA 94086 KTTL SEA SALT POT CHP $1.29 F BRAIDED BRIOCHE $6.99 F CHEF PLATE MEAL $10 2 @ $10.00 ea $20.00 F Subtotal: $28.28 Net Sales: $28.28 Total: $28.28 Sold Items: 4 Paid: - H - RETURNS: We are now accepting returns on purchases with the following conditions: Returns will only be accepted on purchases made on or after 9/15/2020. All returns require a receipt. No returns on items purchased after 90 days. For additional information please visit wfm.com/returns. Earn 5% Back at Whole Foods Market with the Amazon Prime Rewards Visa. Learn more at amazon.com/amazonvisa HOW WAS YOUR SHOPPING EXPERIENCE? Go to: http://www.wfm.com/feedback ENTER FOR A CHANCE TO WIN A $250 GIFT CARD 908 6387 02/10/2021 07:10 PM 63011070790806387021020210 6KTHQW62ZD Thanks for shonning at Whole Foods Market 
6.JPG;10.04;MOMI G TOY'S CRÉPERIE Mall Kemang, L VI No. 6 LippamMal momiantoys, ind (inst @indmomi (twitter) Check: 3850 Pax:1 OP:Gunawan Gunawan POS Title:Cashier Rcpt#:A15000001363 26/01/2015 16:13 1 Woman 0 2 Ham Cheese 74, 000 1 Ice Java Tea 16,000 1 Mineral Water 13,000 1 Black & White 72, ,000 SUBTOTAL 175, ,000 TOTAL 175,000 CASH 200,000 Change 25,000 Closed Bill 4 -26/01/2015 16:14- Thank you for tasting our Meltingly Crepe 
7.jpg;15.63;See back of receipt for your chance to win $1000 ID #: 7L2T9WJM25F Walmart Save money. Live better. ( 701 ) 223 - 3066 MANAGER TIM MORRIS 2717 ROCK ISLAND PL BISMARCK ND 58504 ST# 01534 OP# 009048 TE# 48 TR# 04455 6 WING PLATE 020108870398 3.98 P ASST 27 063099656595 4.88 X CUTIE CAR 063099656644 12.88 X SUBTOTAL 21.74 TAX 1 6.500 % 1.15 TAX 4 7.500 % 0.30 TOTAL 23.19 DEBIT TEND 23.19 CHANGE DUE 0.00 EFT DEBIT PAY FROM PRIMARY 23.19 TOTAL PURCHASE US DEBIT **** **** **** 2696 I 0 REF # 731700494718 NETWORK ID. 0081 APPR CODE 936886 US DEBIT AID A0000000980840 TC 58B77239DA5B3B44 *NO SIGNATURE REQUIRED TERMINAL # SC011090 11/13/17 12:34:04 # ITEMS SOLD 3 TC# 2188 7274 6444 1567 3762 Low Prices You Can Trust. Every Day. 11/13/17 12:34:11 Store receipts on your phone. Walmart P ay. 
8.jpg;13.29;COSTCO WHOLESALE Thornton #629 16375 N. Washington St. Thornton, CO 80023 2X Member 111826278335 23.99 E E 673919 FF BS BREAST 6.49 E E 633561 KS DICED TOM 2.97 E E 967596 JACKORGSALSA 3 @ 4.29 12.87 E E 878137 18CT EGGS 6.29 E E 77053 GRAPE TOMATO 6.49 A 404609 ECO HALF PAN E 55992 GRND TURKEY 18.47 E E 263423 CHPD ONION 3.59 E E 22101 MONT JACK 2# 4.45 E SUBTOTAL 85.61 TAX 3.52 89.1K **** TOTAL Check/Member Prntd 89.13 CHANGE 0.00 A 8.50% TAX 0.55 E 3.75% TAX 2.97 TOTAL TAX 3.52 TOTAL NUMBER OF ITEMS SOLD = 11 047/2072016 15:00 629 4 172 14 OP#: 14 Name: PEPPER Thank You! Please Come Again Whse:629 Trm:4 Trn:172 OP:14 
9.jpg;17.87;"Winco The FOODS Supermurker www. Lme Price Lender 800 S ""tncofoods.com Cockrell Dundeboneralt Store TX Hill 75137 Rd Yolanda R H0124 Cashier: 09/08/14 11:16:24 N/YORK TX GRLC 6848900558 CHICKEN WINGS BLEND 5.39 2.18 FS FS ROROERE PICSWEET 20 1.34 7056087677 2.68 FS PICSWEET GREENS 1.28 2.56 FS 20 WINGS 26840100000 CHICKEN LN GRND B 20167400000 5.48 FS DIET LOIN CHOP 20337400000 10.87 FS PORK 26841800000 9.91 FS DRUMSTICKS STK FP 20148200000 5.32 FS EYE RND STK FP 20148200000 8.39 FS EYE RND STEW 20254300000 8.24 FS BEEF FOR 20323300000 10.48 FS PORK 1/2 LOIN 4497921020 8.12 FS B/BEST S STEAK 1590013401 1.00 FS BAR S MEAT FRNK 4470001903 3.99 88 FS 0/M HAM 7055280303 1.68 FS WINCO NOODLES FS 20 84 5.98 TNDRBRD CHIX BR 3737101318 FS KRFT DELUXE MAC 2100065886 3.64 FS 20 1.82 EGGO WAFFLE 3800037435 1.96 FS L/D NUTTY BARS 2430004120 1.25 FS LID OATMEAL CRM 2430004101 1.25 FS LINKS MILD 74295503660 5.78 FS KEEB TOWNHOUSE 3010010055 1.98 FS TURKEY FRANK 4222281210 .88 FS RESERS POT SLD 7111719300 .98 FS DM SPAG SAUCE 2400052363 .71 FS HUNTS MANWICH 2700044212 1.64 FS 20 .82 DM PNAPL CHNKY 2400000164 1.96 FS 20 98 SUNBEAN BUNS 7763306333 1.98 FS WINCO SNDWCH WT 7055200115 .91 FS WINCO HOMO MILK 7055240600 2.48 FS EGGS 7003837280 1.37 FS SUBTOTAL 121.92 TOTAL TAX .00 TOTAL 121.92 "
