Image;Temp(s);Text
0.jpg;1.61;"WAL*MART ALWAYS LOW PRICES. woe SUPERCENTER OPEN 24 HOURS MANAGER . TBA (515 ) 986 - 1783 $T# 5748 OP# 00000158 TE¥ 14 TRH 03178 BANANAS 00000000401 1kF 0.41 Ib @ 1 Ib /0.49 0.20 N FRAP 001200010451 F 5.48 N DISCOUNT GIVEN 0.57 ‘| SUBIQIA. = 8.11 5. y CASH TEND 1100 CHANGE DUE “5 ""@g"
1.jpg;1.6;TRADER JOE'S 2001 Greenville Ave Dallas TX 75206 Store #403 - (469) 334-0614 OPEN 8:00AM TO 9:00PM DAILY R-CARROTS SHREDDED 10 OZ R-CUCUMBERS PERSIAN 1 LB TOMATOES CRUSHED NO SALT TOMATOES WHOLE NO SALT W/BASIL ORGANIC OLD FASHIONED OATMEAL MINI-PEARL TOMATOES. . PKG SHREDDED MOZZARELLA LITE T EGGS 1 002 ORGANIC BROWN. BEANS GARBANZO SPROUTED CA STYLE A-AVOCADOS HASS BAG 4CT A-APPLE BAG JAZZ 2 LB A-PEPPER BELL EACH XL RED 3ROCERY NON TAXABLE WowONN=——— Dinm io mR Oininioly SSSEESSEES 3FA —-@_0.29/EA CREAMY SALTED PEANUT BUT TER WHL WHT PITA BREAD GROCERY NON TAXABLE 2 @ 0.69 SUBTOTAL $38 .68 TOTAL $38 .68 CASH $40.00 CHANGE $1.32 ITEMS 22 Higgins, Ryan 06-28-2014 12:34PM 0403 04 1346 4683 THANK YOU FOR SHOPPING AT TRADER JOE'S www. traderjoes.com
10.jpg;0.61;Thank You TAX INVOIL T CE
11.jpg;0.82;WHOLE FOODS SHARON RD. PL TORTILLA’S CAGE FREE ALL WHIT BLACK BEANS Frozen Mangoes 160 Whole Strawberries 0G LF COTTAGE CHEE MAHI MAHI FILLETS $2 off (1) WC Fill California Harvest 1.08 1b @ 1.99 /Ib *UT 6. 3 1 2 2 J 8. 2 can TARE = PLUMS BLACK CV 2.15 B ITEM = 4040 NHP SLICED OVEN RO 3.99 B NHP SLICED HICKORY 3.99 B 1764 1b Bea oe7 1b TARE = 01 UT GALA APPLES OG 3.26 B ITEM = 94135 wee TAX 93 BAL 45.44
12.jpg;1.24;"WAL*MART Save money. Live better. WE SELL FOR LESS ALWAYS MANAGER DAPHNE SESSION 636 ) 536 - phe 6 IESTERFIELD, MO 6 ST# 2600"" OF 00001855 Tee TRE er SW FIGURES 065356920144 6.63 TOOTHBRUSH Mech Eady . “3 x WOMEN SLIPPE CER -f x 17.4 TAX 1 3 S100 oy 0.54 TAX 3 4.350% 0.76 TOTAL 18.75 MCARD TEND 18.75 ACCOUNT #3546 APPROVAL #007190 TRANS ID ~ VALIDATION - PAYMENT SERVICE - A CHANGE DUE 0,00 # ITEMS SOLD 3 iii 4 xclusive Easle: available October 30th! 10/20/07 13:48:43 ##NCUSTOMER COPY###"
13.jpg;0.96;"TD A ASWOYBKCH Walmart >)< Save money. Live better. ( 843) 292 = 0962 MANAGER MICHAEL (6 [GHARD 2014 S TRBY $1 FLORENCE $0. 2506, S1# 02703 OPH 009049 TE 49 IRA Orde GIN CARD 087458604333 50,00 0 ‘SUBIOL A 90.00 TOiAL 50. (0. CASH TN) 60.60 CHANGE OE 10.06 SHOP.CARU ACTIVATION 80,00 ACCOUNT 613968545249/29"" APPR. CODE — 792986, REE douo7A2 Bal Tran Amt End Bal 0.00 50.09) 50.00 OB/II/17 1 2 AN TATAUTI TCH 9796 5895 9287 9333 1992 Low Prices You Ca Trust O8/IAT Store reseipts o7 Your phone. Walmart P"
14.jpg;6.02;See back of receipt for your chance to win $1000 ID #: 7LORX4K8PUX 1 Walmart 2,5. Save money. Live better. ( 937 ) 644 - 2800 MANAGER CHRISTOPHER wood ANS CROSSING BLVI! VILLE OH 43 ST# 01595 OP# 007573 TES EQUATE LINER 068113186503 WFUS ENG POM 005100024543 F DAWN ORIG 00370001 1045 BOYD PKGTAPE 007535307841 BOYD PKGTAPE 007535307841 LINT ROLLER2 005114123488 SUBTOTAL TAX 1 7.000 % TOTAL DEBIT TEND CHANGE DUE EFT DEBIT PAY FROM PRIMARY 26.60 TOTAL PURCHASE wee aanee 3aeee E371 S ACCOUNT # REF # 712400283994 NETWORK ID. 0069 APPR CODE 868483 TERMINAL # SCO10087 05/04/17 19:54:16 i t j Store receipts on your phone. Walmart P ay.
15.jpg;1.21;Walmart 7 = Save money: Live better: ail PRE 9020, wie HOMAS 63) BEACH BLVD SHINSTER cA oaaes St ozaoe BBN 00368 Tt Draneves” vt 068113131 fie VISA TEND Gredit__ pret saan wenn 3670 1 BeeROva cy ce REF ® 620500604 TRANS ID ~ Beegte 35084060 VALIDATION PAYMENT SERVICE = E ok ATD 0000000031010 TC 9EOFACSABOSESD92 TERMINAL 281767447 #NO SIGNATURE REQUIRED 07/22/16 = 20:63:11 i CHANGE DUE 0,00 | # ITEMS SOLD1 30129 11 wl i il ii i 009 vearsa Ht i \2 ‘toatl COPYeKR Ings Catcher ta 1 with Walmart ae PSIG} Is, bloV shy \,
16.jpg;1.12;See back of receipt for your chance to win $1000 ID #: — 7L2TOWIM25F Walmart >/<. Save money. Live better. ( 701 ) 223 - 3066 MANAGER TIM MORRIS 2717 ROCK ISLAND PL BISMARCK ND 58504 ST# 01534 OP# 009048 TE# 48 TRH 04455 6 WING PLATE 020108870398 3.98 P ASST 27 063099656595 4.88 X CUTIE CAR 063099656644 12.88 X SUBTOTAL 21.74 TAX 1 6.500 % 1.15 TAX 4 7.500 % 0.30 TOTAL 23.19 DEBIT TEND 23.19 CHANGE DUE 0.00 EFT DEBIT PAY FROM PRIMARY 23.19 TOTAL PURCHASE US DEBIT xxKK xxxk xxxx 2696 I 0 REF # 731700494718 NETWORK ID. 0081 APPR CODE 936886 US DEBIT AID A0000000980840 TC 58B77239DA5B3B44 *NO SIGNATURE REQUIRED TERMINAL # SCO11090 11/13/17 12:34:04 # ITEMS SOLD 3 TC# 2188 7274 6444 1567 3762 MUM ii Low Prices You Can Trust. Every Day. | 11/13/17 12:34:11 Store receipts on your phone. Walmart P = |
17.jpg;1.36;See iced Bho receipt for your chance to win #1 TD #: 7K2GF1SL2FF Walmart 2 2< Save money, Live better. 970 ) 259 ~ 8755 MANAGER MIKE bag fi Me Bal fein} INO Di co 8 308 | fia hae” Pt n004 TEs eh 02 TRY 03080 Jie IKI 1. ea @ 1 lb /0 3) o 95 Hae ae i 903120002183 F E sr N ee o7ea71 782200 F F CHNPART TOM 073447501213 1 KFT SINGLES 002100061526 F 82114 pepeece a E ALAMI 020633960343 F eococossoaekt 1 FOR 0.44 PILLS tiore 068113113619 F ‘SH NYLON 0074 7024836 HAND CLEANER 004125100005 INJECTR CLNR 00: 98071 0003 “inion N/IB/VT 14:26:03 x BALE BOIwLSS Sanrreneasss ase’ See ees NSBo--Fw-No> WawNonNc
18.jpg;1.46;Give’ u dae Thanked eedback ak Your 1D 4 Toni iit sy Ma Mart com Walmart nis 863-3 780 CHE 0 2 Mae MARK Sig pasar WINTER HAVEN FL 3388q e # Ou9036 NS we TE ‘ % 78 ie ae Mie 36 TRH oo GRE 87429514 a A ity Ur Bir aed 2 34 N GAIN LE roar 2a8 2.84.N GAIN 3037000 6.97 x av Ye. on aston oe 4.94 X CKER rg 007874221000 F 7.82 N cope rs £5, 904000050533 F «3.78 X MIXED aos 003400029305. F 4.76 X Er en 004000047587 F 13.24 004326880002 F 1 ee 4 i 003 700082355 a I ne PALEG PM 095497339521H 9.97 N GV 2% S 001280051783 10.97 X 4 MINI 007874219999 2.97 X aks SAUCE. 003120001605 F 1.58 0. 002740026499 F 3.46 0 Ser 007874212709 F090 0. SUBTOTAL 82.75 TAX 1 7.000 % 3.60 TOTAL, 86.35 DEBIT TEND 86.35 CHANGE DUE 0.00 EFT DEBIT PAY FROM PRIMARY 86.35 TOTAL PURCHASE FIFTHTHIRD DEBIT ax xxxx xxx 9832 1 0 REF # 130400725877 NETWORK ID. 0076 APPR CODE 001740 US Debit AID A006 no000042003 ‘AAC. ASF ABF3D0F007485 RMINAL # SCO11151 ity 10/31/21 4 oe 22 # ITEMS oe TCH 7563 1623 TI i i Maratpat Mb: 08:
19.jpg;1.22;Give us feedback @ Thank’ yout TD #: 7OOR IIIS GN Mart Co Walmart s'- ae 76-9425. Mar :e 86 ET STATE. ROA} eute. WALES FL ST# 00859 0P# 009026 Tey See rp, GRILL CoveR 47128839699,°° | EIBER CHOICE 0 36926600904 CELERY HE, 003338365301 F }00000004023KF 2.51 1b @ 11b /1.44 SUBTOTAL. TAX 1 aoe OTAL, SHOPPING CARD TEND CHANGE DUE SHOP..CARD. REDEMPTION 35. ACCOUNT xxxxxxxx%x«x0246 Beg Bal Tran Amt End Bal 157.29 35.05 122.94 aad 1fEHS st % JAN Sorie/21 ie Seas 12 & is 2 Bo NRBe z zz~x BZoBFHk 233382 see (NN
2.jpg;0.94;Give us feedback @ survey.walmart .com Thank you! ID #:7PB65JWCFZ2 Walmart ><. 949-498-6669 Mor : MICHAEL 951 AVENIDA PICO ve SAN CLEMENTE CA 92673 ST# 02527 OP# 009045 TEM 45 TRH 06193 — GV OATMEAL 007874243408 F = 1.76 0 OT 2002 TUM 081236803115 6.74 X M ATHLETICS 019104567781 24.97 X DEXAS 15X20 008429710921 12.97 X SUBTOTAL 46.44 TAX 1 7.750 % 3.46 TOTAL DEBIT TEND 49.90 CHANGE DUE 0.00 EFT DEBIT PAY FROM PRIMARY 49.90 TOTAL PURCHASE US DEBIT axex xnxx xxxx 9689 I 0 REF # 029200639128 NETWORK TD. 0056 APPR CODE 461500 # SCO11004 10/18/20, 11:30:42 # ITEMS SOLD 4 16 4305 8847 1¢ UA NL ALN ' we Introducing Walmart+ Join today at walmerL.com/plus Low Prices Y st. Every Day. bet rigs feat Ta grey
3.jpg;1.18;See back of up chance to win $1000 Th gsNoTVENCHDG ‘al Tha 317-851-1102 Har: JAMIE BROOKSHIRE 882 S STATE ROAD, 135 6 SS2eRs eD400) 003120506000 F we 003120606000 F NO nen 92942 x0D0xG0e BYS Bey aLow Sorersseziy “BALE ene 00000001 TR HS FRM 4 002240062190 BAGELS 001376402801 F GV SLIDERS 007874201525 ACCESSORY 7615161. CHEEZE IT WAS 4.54 YOU SAV! sessile =zz oxxox SUBTOTS TAX 1 = 7,000 * TOTAL CASH TEND Ey SSRS28S2 SNeRz 2 2) 4 2 0 4 2. 2. ci 9 4. 4 0, 6. Tl 6 2495 Scan with Walmart app oe receipts
4.jpg;0.93;Walmart >< ( 712 ) 366 - 3326 MANAGER DONALD MONEYMAKER 3201 MANAWA CENTRE DR COUNCIL BLUFFS T@ 61601 $1# 01965 OPS 002031 TEs 20 TRE 05145 SW HRO FGHTR 063050940732 6.94 T SUBTOTAL 6.94 TAK 1 7.000 % 0.49 TOTAL 143 DEBIT TEND 143 CHANGE DUE 0.00 EFT DEBIT PAY FROM PRIMARY 7.43 TOTAL PUR ACCOUNT Py REF & 634200381765 NETWORK ID. 0056 APPR CODE 087193 TERMINAL # MK995026 12/08/15 12:39:24 # ITEMS SOLD 1 TCR 3261 4114 0323 3051 6498 wii iionn yn ‘STORE to midnight 7 davs a week. bse! oot oats 12:39:26 Savings Catcher ca with Walmart app ay
5.jpg;5.74;WHOLE FOODs MARKET Sunnyvale SVL 408-419-1290 150 E Mc Kinley Ave , Sunnyvale, CA 94066 | KTTL SEA SALT POT CHP $1.29 
6.JPG;1.62;"MOMI & TOY’S CREPERIE Lippo Mall K Kemana vi Noo - oO momiantoys_ind Cinst @indmomi Ctwitter) Check: 3850 Pax: 1 OP: Gunawan Gunawan POS Title:Cashier Rept#: 415000001363 26/01/2015 16:13 7 Woman 0 2 Ham Cheese 74, 000 1 Ice Java Tea 16, 000 1 Mineral Water 13, 000 1 Black & White 72, 000 SUBTOTAL 175, 000 TOTAL 175, 000 CASH 200, 000 Change 2 2a ae ne NS a He a aS A NE eS a ca me Se d Bil ween ene 26/61 9565 16. 14-----------> Thank you for tasting our “Meltingly Crepe"""
7.jpg;1.35;See back of receipt for your chance to win $1000 ID #: — 7L2TOWIM25F Walmart >/<. Save money. Live better. ( 701 ) 223 - 3066 MANAGER TIM MORRIS 2717 ROCK ISLAND PL BISMARCK ND 58504 ST# 01534 OP# 009048 TE# 48 TRH 04455 6 WING PLATE 020108870398 3.98 P ASST 27 063099656595 4.88 X CUTIE CAR 063099656644 12.88 X SUBTOTAL 21.74 TAX 1 6.500 % 1.15 TAX 4 7.500 % 0.30 TOTAL 23.19 DEBIT TEND 23.19 CHANGE DUE 0.00 EFT DEBIT PAY FROM PRIMARY 23.19 TOTAL PURCHASE US DEBIT xxKK xxxk xxxx 2696 I 0 REF # 731700494718 NETWORK ID. 0081 APPR CODE 936886 US DEBIT AID A0000000980840 TC 58B77239DA5B3B44 *NO SIGNATURE REQUIRED TERMINAL # SCO11090 11/13/17 12:34:04 # ITEMS SOLD 3 TC# 2188 7274 6444 1567 3762 MUM ii Low Prices You Can Trust. Every Day. | 11/13/17 12:34:11 Store receipts on your phone. Walmart P = |
8.jpg;1.1;Thornton #629 16375 N. Washington St. Thornton, CO 80023 2X Member 111826278335 E 673919 FF BS BREAST E 633561 KS DICED TOM (= 967596 JACKORGSALSA 3 @ 4.29 — 878137 18CT EGGS E 77053 GRAPE TOMATO 404609 ECO HALF PAN E 55992 GRND TURKEY E 263423 CHPD ONION E 22101 MONT JACK 2# SUBTOTAL TAX seen TOTAL Check/Member Prntd CHANGE A 8.50% TAX E 3.75% TAX 2.97 TOTAL TAX 3.52 TOTAL NUMBER OF ITEMS SOLD = 11 ‘wey 15:00 629 4 172 14 op#: 14 Name: PEPPER Thank You! Please Come Asain Whse:629 Trm:4 Trn:172 OP:14
9.jpg;1.28;Yolancta ashi er fi 99/08/14 N/yoRK 1X Rt CHICKEN. WINE 28 AGS. 2684010000 CHICKEN WIN 90167406 pret LN GANS 203 0148200000 END STK FP Goer oe Fron stew 20294900000 2 LOIN 3932930000 4497921020 B/BEST § STE ear tego0rs4t BAR EAT FRNK 70001903 Or HM onues TeBea0e03 20 .84 TNORBRO CHIX BR 3737101318 KRFT DELUXE MAC 2100065886 2@ 1.82 EGGO WAFFLE 3800037435 L/D NUTTY BARS 2430004120 L\D OATMEAL CRM 2430004101 LINKS MILD 74295503660 KEEB TOWNHOUSE 3010010055 TURKEY FRANK 4222281210 RESERS POT SLD 7111719300 DM SPAG SAUCE 2400052363 yates Au Ge 2700044212 OM Gy ciAKY pauieets ‘1.96 FS z Mer 64.98 Fs, WINCO HOMO MILK TOseeeee EqGs eon TOTAL TOTAL TAX
